Var,S1,S1_conf,ST,ST_conf
size_nw,0.003546766720999774,0.006440788700694637,0.02178509192872869,0.004212211786483386
n_issues,0.18287262729111173,0.025404909721746957,0.24005246949688494,0.016183385907381043
p,0.05382097519351563,0.01352067702061634,0.11220265027021208,0.008603662852482524
σ,0.513162362252701,0.041744630310831886,0.6160438252860673,0.03081741905425656
ρ,0.09371143467192423,0.01600282053217286,0.17836639337353777,0.011720456231741701
p_intran,0.002715500915777805,0.003985884318389334,0.01214607085772825,0.0017488965491914013
